{"cameraMode":{"drawMode":0,"name":"Shaded","section":"Shading Mode"},"sceneLighting":true,"audioPlay":false,"sceneViewState":{"showFog":true,"showMaterialUpdate":false,"showSkybox":true,"showFlares":true,"showImageEffects":true,"showParticleSystems":true},"in2DMode":false,"pivot":{"x":-7.729213714599609,"y":5.288808345794678,"z":20.148712158203126},"rotation":{"x":-0.022683115676045419,"y":0.2883439362049103,"z":0.007881330326199532,"w":0.9574820399284363},"size":5.016447067260742,"orthographic":false}