{"cameraMode":{"drawMode":0,"name":"Shaded","section":"Shading Mode"},"sceneLighting":true,"audioPlay":false,"sceneViewState":{"showFog":true,"showMaterialUpdate":false,"showSkybox":true,"showFlares":true,"showImageEffects":true,"showParticleSystems":true},"in2DMode":false,"pivot":{"x":-10.090928077697754,"y":6.221877574920654,"z":26.450471878051759},"rotation":{"x":0.05065149813890457,"y":0.026060761883854867,"z":0.0013222226407378913,"w":-0.9983760714530945},"size":10.0,"orthographic":false}